Image Address,,,,Label Suffix,Color,Water Body Type,Temperature (H/C/M),Surroundings Type,Turbidity Agents,Water Motion (1-10),PH (1-14),Turbidity (1-10),Erosion Level (1-10),Purity (T/F),Additional Notes/Uncertainties
https://i.imgur.com/GnY2XsK.jpg,,,,1,Blue,River,M,Grassy Mountains,"Mud, Sediments",,,,,,
https://i.imgur.com/0mzPvaL.jpg,,,,10,Blue,Ocean,C,Urban,"Salts, Sediments",,,,,,
https://i.imgur.com/6VFoSiq.jpg,,,,100,Blue,Lake,M,Grassy Mountains,Grass Runoff,,,,,,
https://i.imgur.com/Ie1p2kk.jpg,,,,1000,Brown,Lake,H,Dry Mountains,"Algae, Grass Runoff",,,,,,
https://i.imgur.com/VytiEBu.jpg,,,,1002,Blue,Pond,M,Urban,Grass Runoff,,,,,,
https://i.imgur.com/Ip0Ikl9.jpg,,,,1003,Green,Lake,H,Mountains,"Algae, Sediments",,,,,,
https://i.imgur.com/o3dBcQR.jpg,,,,1004,Green,Lake,M,Mountains,Sediments,,,,,,
https://i.imgur.com/HhqErqR.jpg,,,,1008,Blue,Lake,H,Farmland,"Grass Runoff, Mud",,,,,,
https://i.imgur.com/VEZkQfP.jpg,,,,101,Blue,Lake,M,Forest,"Grass Runoff, Sediments",,,,,,
https://i.imgur.com/hd1pkL3.jpg,,,,1010,Green,Lake,H,Dirt,"Sediments, Algae",,,,,,
https://i.imgur.com/YhFeV13.jpg,,,,1011,Blue,Pond,M,Urban,"Oil, Grass Runoff",,,,,,
https://i.imgur.com/lT0meS4.jpg,,,,1014,Blue,Lake,M,Dry Mountains,Sediments,,,,,,
https://i.imgur.com/VMKXRXN.jpg,,,,1015,Green,Lake,H,Dry Mountains,"Sediments, Mug, Algae",,,,,,
https://i.imgur.com/iM0qu1W.jpg,,,,1018,Blue,Lake,H,Dirt,"Grass Runoff, Mud",,,,,,
https://i.imgur.com/FhPkYp8.jpg,,,,1019,Green,Pond,M,Dirt,"Sediments, Algae",,,,,,
https://i.imgur.com/o0D8vU2.jpg,,,,102,Blue,Lake,M,Forest,"Grass Runoff, Sediments",,,,,,
https://i.imgur.com/LcmVJeB.jpg,,,,1020,Brown,Lake,H,Dirt,"Salts, Sediments",,,,,,
https://i.imgur.com/A2fVOi5.jpg,,,,1021,Brown,Lake,H,Desert,"Mud, Sediments",,,,,,
https://i.imgur.com/KBo4pQi.jpg,,,,1022,Blue,Lake,C,Dirt,"Mud, Sediments, Algae",,,,,,
https://i.imgur.com/3MfEUnc.jpg,,,,1024,Green,Ocean,M,Dry Mountains,"Sediments, Algae",,,,,,
https://i.imgur.com/YczdNlH.jpg,,,,1026,White,Lake,C,Snow,"Oil, Salts",,,,,,
https://i.imgur.com/z5mKN4c.jpg,,,,1027,Blue,Lake,H,Forest,"Algae, Sediments",,,,,,
https://i.imgur.com/tAHmkW6.jpg,,,,1028,Blue,River,M,Mountains,Grass Runoff,,,,,,
https://i.imgur.com/HfnRED4.jpg,,,,1029,Brown,Pond,H,Farmland,"Mud, Sediments, Feces, Oil",,,,,,
https://i.imgur.com/mzWEjRT.jpg,,,,103,Blue,Lake,M,Forest,"Grass Runoff, Mud",,,,,,
https://i.imgur.com/3x81hnn.jpg,,,,1030,Brown,Pond,H,Dirt,"Mud, Sediments, Oil",,,,,,
https://i.imgur.com/oRDBhKt.jpg,,,,1031,Green,Lake,H,Dirt,"Sediments, Algae",,,,,,
https://i.imgur.com/cRDBw5w.jpg,,,,1034,Brown,Human Made Pool,M,Farmland,"Construction Waste, Sediments, Chemical Runoff",,,,,,
https://i.imgur.com/8I8SeON.jpg,,,,1036,Blue,Lake,C,Mountains,"Sediment, Grass Runoff",,,,,,
https://i.imgur.com/qOa2pmr.jpg,,,,1037,Green,Lake,H,Dry Mountains,"Algae, Sediments, Mud",,,,,,
https://i.imgur.com/JMBfej4.jpg,,,,1039,Blue,River,C,Mountains,Grass Runoff,,,,,,
https://i.imgur.com/6abeFcW.jpg,,,,104,Blue,Lake,M,Forest,"Grass Runoff, Mud",,,,,,
https://i.imgur.com/8Cx6UoM.jpg,,,,1041,Green,Lake,H,Dry Mountains,"Algae, Sediments",,,,,,
https://i.imgur.com/etBZ1tV.jpg,,,,1043,Green,River,H,Farmland,"Oil, Sediments",,,,,,
https://i.imgur.com/67G3myR.jpg,,,,1044,Green,Lake,H,Dirt,"Algae, Sediments",,,,,,
https://i.imgur.com/3bqIw6x.jpg,,,,1045,Green,Lake,H,Farmland,"Oil, Chemical Runoff, Grass Runoff",,,,,,
https://i.imgur.com/e5X0ehV.jpg,,,,1046,Green,Ocean,H,Farmland,"Sediments, Mug, Algae",,,,,,
https://i.imgur.com/xuLj6Lt.jpg,,,,1047,Green,Lake,H,Dirt,"Algae, Sediments",,,,,,
https://i.imgur.com/bHFxg5t.jpg,,,,105,Blue,Waterfall,M,Forest,"Grass Runoff, Mud, Sediments",,,,,,
https://i.imgur.com/4BLUULO.jpg,,,,1052,Brown,Lake,C,Snow,"Salts, Mud",,,,,,
https://i.imgur.com/Xq4jXcV.jpg,,,,1053,Green,Lake,H,Dirt,"Mud, Algae",,,,,,
https://i.imgur.com/KNNd1wQ.jpg,,,,1054,Green,Lake,H,Dirt,"Mud, Salts",,,,,,
https://i.imgur.com/MmjArqR.jpg,,,,1055,Green,Lake,H,Dry Mountains,"Sediments, Mud, Algae",,,,,,
https://i.imgur.com/h1qiMdo.jpg,,,,1056,Green,River,H,Mountains,"Mud, Sediments, Grass Runoff, Algae",,,,,,
https://i.imgur.com/9umBSmN.jpg,,,,1057,Turqouise,Lake,H,Forest,"Grass Runoff, Mud, Sediments",,,,,,
https://i.imgur.com/GPlvLfc.jpg,,,,1058,Green,River,M,Farmland,"Sediments, Algae",,,,,,
https://i.imgur.com/OOKrdRA.jpg,,,,1059,Blue,Lake,H,Dirt,Sediments,,,,,,
https://i.imgur.com/40OKgN3.jpg,,,,106,Blue,Stream,M,Urban,"Oil, Chemical Runoff, Grass Runoff, Litter",,,,,,
https://i.imgur.com/AcMVBz3.jpg,,,,1062,Blue,Lake,M,Dirt,"Sediments, Mud",,,,,,
https://i.imgur.com/Xa5uRCw.jpg,,,,1063,Green,Lake,M,Farmland,"Sediments, Grass Runoff",,,,,,
https://i.imgur.com/ULvBJ3X.jpg,,,,1064,Green,Lake,M,Suburban,"Oil, Sediments",,,,,,
https://i.imgur.com/XRFOhn8.jpg,,,,1065,Blue,River,H,Dirt,Sediments,,,,,,
https://i.imgur.com/8cz3o6e.jpg,,,,1068,Green,Lake,H,Dirt,"Sediments, Grass Runoff",,,,,,
https://i.imgur.com/d9IC9ub.jpg,,,,1069,Green,Lake,H,Dirt,"Algae, Sediments",,,,,,
https://i.imgur.com/QVSTei0.jpg,,,,107,Blue,River,M,Grassy Mountains,"Grass Runoff, Mud",,,,,,
https://i.imgur.com/QkQWeQY.jpg,,,,1070,Green,River,H,Dry Mountains,"Sediments, Salts",,,,,,
https://i.imgur.com/lrv6mca.jpg,,,,1071,Green,Lake,M,Dirt,"Algae, Grass Runoff, Sediments",,,,,,
https://i.imgur.com/DTBbqbY.jpg,,,,1072,Green,Lake,M,Plains,"Grass Runoff, Algae, Salts",,,,,,
https://i.imgur.com/Haltzu9.jpg,,,,1073,Green,Lake,H,Plains,"Sediments, Mud",,,,,,
https://i.imgur.com/jWUrFvz.jpg,,,,1074,Blue,Lake,M,Plains,"Grass Runoff, Mud, Sediments",,,,,,
https://i.imgur.com/4LdvLrl.jpg,,,,1075,Blue,Lake,M,Grassy Mountains,"Salts, Sediments",,,,,,
https://i.imgur.com/EmWoZ4O.jpg,,,,1076,Green,Lake,H,Dirt,"Algae, Sediments",,,,,,
https://i.imgur.com/PyqJDWm.jpg,,,,1077,Brown,Lake,M,Plains,"Mud, Sediments",,,,,,
https://i.imgur.com/q01yMK1.jpg,,,,1078,Green,Lake,H,Plains,"Algae, Sediments, Mud",,,,,,
https://i.imgur.com/TxplNKZ.jpg,,,,1079,Green,Lake,M,Plains,"Salts, Mud, Grass Runoff",,,,,,
https://i.imgur.com/bDZmKKy.jpg,,,,1080,Blue,Lake,M,Moor,"Salts, Mud, Grass Runoff",,,,,,
https://i.imgur.com/QSEMaYX.jpg,,,,1081,Green,Lake,M,Farmland,"Grass Runoff, Sediments, Mud",,,,,,
https://i.imgur.com/1wJsMnz.jpg,,,,1083,Blue,Lake,M,Suburban,"Sediments, Oil, Litter",,,,,,
https://i.imgur.com/T07pSDo.jpg,,,,1084,Blue,Lake,M,Moor,"Salts, Mud",,,,,,
https://i.imgur.com/OHFYAuo.jpg,,,,1085,Turqouise,Lake,M,Farmland,"Sediments, Grass Runoff",,,,,,
https://i.imgur.com/zYnl6M6.jpg,,,,1088,Blue,Pond,M,Plains,"Algae, Grass Runoff",,,,,,
https://i.imgur.com/kH2rV2O.jpg,,,,1089,Blue,Pond,M,Dirt,"Algae, Grass Runoff",,,,,,
https://i.imgur.com/DNozBYe.jpg,,,,1092,Green,Lake,H,Dirt,Sediments,,,,,,
https://i.imgur.com/A2AQ3Ao.jpg,,,,1093,Blue,Lake,M,Dirt,Sediments,,,,,,
https://i.imgur.com/scZnr5R.jpg,,,,1094,Blue,Lake,M,Farmland,"Grass Runoff, Algae, Salts",,,,,,
https://i.imgur.com/HwJftuW.jpg,,,,1095,Green,Lake,H,Dirt,"Sediments, Algae",,,,,,
https://i.imgur.com/If5BtRf.jpg,,,,1096,Brown,Lake,C,Snow,"Mud, Chemical Runoff",,,,,,
https://i.imgur.com/qV7hX6m.jpg,,,,1097,Blue,Pond,C,Snow,Mud,,,,,,
https://i.imgur.com/BMv6IKS.jpg,,,,1098,Blue,Pond,H,Plains,Sediments,,,,,,
https://i.imgur.com/RhVFq2o.jpg,,,,1099,Brown,Lake,H,Moor,"Mud, Sediments, Grass Runoff",,,,,,
https://i.imgur.com/vHp223e.jpg,,,,11,Green,River,M,Urban,"Algae, Grass Runoff, Chemical Runoff, Oil, Litter",,,,,,
https://i.imgur.com/lSfhag8.jpg,,,,1100,Brown,Lake,H,Farmland,"Sediments, Chemical Runoff",,,,,,
https://i.imgur.com/fZl3X2t.jpg,,,,1101,Brown,Lake,M,Moor,Sediments,,,,,,
https://i.imgur.com/L7wE8CO.jpg,,,,1103,Blue,Lake,M,Plains,"Sediments, Mud",,,,,,
https://i.imgur.com/yMLnqdX.jpg,,,,1104,Brown,Lake,C,Dirt,"Mud, Sediments, Grass Runoff, Algae",,,,,,
https://i.imgur.com/cpvxkxh.jpg,,,,1106,Green,Lake,C,Grassy Mountains,"Algae, Grass Runoff, Sediments",,,,,,
https://i.imgur.com/0TIUjIR.jpg,,,,1107,Green,Pond,M,Moor,"Mud, Algae",,,,,,
https://i.imgur.com/Vzq12sG.jpg,,,,1108,Blue,Pond,C,Moor,Sediments,,,,,,
https://i.imgur.com/FZxemC1.jpg,,,,1109,Blue,Lake,M,Plains,"Algae, Grass Runoff",,,,,,
https://i.imgur.com/VyYuxK4.jpg,,,,1111,Turqouise,Lake,M,Moor,"Algae, Sediments",,,,,,
https://i.imgur.com/Bj1LGfL.jpg,,,,1112,Green,Pond,M,Suburban,"Salts, Algae, Sediments, Oil",,,,,,
https://i.imgur.com/NnyLlcr.jpg,,,,1113,Blue,River,M,Plains,"Grass Runoff, Sediments, Salts",,,,,,
https://i.imgur.com/9gLEbuD.jpg,,,,1114,Green,Pond,H,Farmland,"Salt, Algae, Sediments",,,,,,
https://i.imgur.com/nA4u2Sl.jpg,,,,1115,Green,Pond,H,Farmland,"Sediments, Algae",,,,,,
https://i.imgur.com/ct1QRWr.jpg,,,,1116,Blue,Lake,H,Farmland,"Sediments, Mud",,,,,,
https://i.imgur.com/rkOQ2N5.jpg,,,,1118,Blue,Stream,H,Farmland,"Sediments, Chemical Runoff",,,,,,
https://i.imgur.com/GFuKdJS.jpg,,,,1119,Brown,River,M,Dry Mountains,"Mud, Sediments, Grass Runoff, Oxides",,,,,,
https://i.imgur.com/izWQUY2.jpg,,,,1120,Blue,Pond,M,Dirt,"Sediments, Salts",,,,,,
https://i.imgur.com/KdONLeQ.jpg,,,,1121,Blue,Pond,H,Suburban,"Sediments, Mud",,,,,,
https://i.imgur.com/qprtsoX.jpg,,,,1122,Green,River,H,Suburban,"Algae, Sediments, Mud, Oil, Construction Waste",,,,,,
https://i.imgur.com/LlgkY73.jpg,,,,1124,Green,Pond,M,Suburban,"Grass Runoff, Algae, Oil, Litter",,,,,,
https://i.imgur.com/tfmavQb.jpg,,,,1125,Green,River,H,Dry Mountains,"Sediments, Mud, Feces, Oil",,,,,,
https://i.imgur.com/3bOOxBz.jpg,,,,1126,Brown,Pond,H,Dry Mountains,"Mud, Sediments, Grass Runoff",,,,,,
https://i.imgur.com/wXJS7vE.jpg,,,,1128,Green,River,H,Plains,"Algae, Sediments",,,,,,
https://i.imgur.com/ELmCKW1.jpg,,,,1129,Green,Pond,C,Mountains,"Mud, Grass Runoff",,,,,,
https://i.imgur.com/LjNXmwx.jpg,,,,113,Blue,Stream,H,Grassy Mountains,"Grass Runoff, Mud",,,,,,
https://i.imgur.com/1NPE1Z4.jpg,,,,1130,Brown,Stream,C,Dirt,"Mud, Sediments, Algae",,,,,,
https://i.imgur.com/KT0CBzb.jpg,,,,1131,Brown,Lake,C,Dry Mountains,"Algae, Mud, Sediments",,,,,,
https://i.imgur.com/G2IOENz.jpg,,,,1132,Brown,River,C,Mountains,"Mud, Grass Runoff",,,,,,
https://i.imgur.com/X13e896.jpg,,,,1133,Green,Pond,C,Mountains,"Algae, Sediments, Algae",,,,,,
https://i.imgur.com/6XsKUHm.jpg,,,,1134,White,Stream,C,Mountains,"Mud, Sediments",,,,,,
https://i.imgur.com/rNB4zR3.jpg,,,,114,Blue,River,H,Forest,Grass Runoff,,,,,,
https://i.imgur.com/5LOJFjv.jpg,,,,1143,Blue,Pond,M,Grassy Mountains,"Grass Runoff, Mud",,,,,,
https://i.imgur.com/KNj5xmw.jpg,,,,1145,Turqouise,Lake,M,Plains,"Algae, Sediments",,,,,,
https://i.imgur.com/EHJwUW3.jpg,,,,1149,Green,Pond,C,Grassy Mountains,"Mud, Grass Runoff, Algae",,,,,,
https://i.imgur.com/TaVNnbf.jpg,,,,115,Blue,Stream,H,Forest,"Grass Runoff, Mud",,,,,,
https://i.imgur.com/EjJiOoJ.jpg,,,,1151,Blue,Lake,M,Dirt,"Sediments, Mud",,,,,,
https://i.imgur.com/KLf1I7L.jpg,,,,1152,Brown,Pond,H,Dry Mountains,"Sediments, Mud",,,,,,
https://i.imgur.com/KWbNPE5.jpg,,,,1153,Blue,Lake,M,Plains,"Salts, Grass Runoff",,,,,,
https://i.imgur.com/3oCVTkU.jpg,,,,1155,Blue,Lake,H,Farmland,"Salts, Oil, Mud, Sediments, Chemical Runoff",,,,,,
https://i.imgur.com/uNda91T.jpg,,,,1156,Turqouise,Lake,M,Farmland,"Grass Runoff, Mud, Sediments",,,,,,
https://i.imgur.com/sOO0l4j.jpg,,,,1157,Blue,Lake,M,Suburban,"Sediments, Mud, Algae",,,,,,
https://i.imgur.com/ZXafYB5.jpg,,,,1158,Blue,Pond,M,Dirt,"Salts, Grass Runoff, Algae",,,,,,
https://i.imgur.com/bE98vy7.jpg,,,,1159,Blue,Lake,M,Plains,Sediments,,,,,,
https://i.imgur.com/9nKb5PP.jpg,,,,116,Blue,River,H,Forest,"Grass Runoff, Salts",,,,,,
https://i.imgur.com/GvOHfI5.jpg,,,,1160,Blue,Lake,H,Moor,"Grass Runoff, Sediments, Algae",,,,,,
https://i.imgur.com/rxx0DQr.jpg,,,,1161,Blue,Lake,H,Dirt,"Mud, Sediments, Algae",,,,,,
https://i.imgur.com/T3Ymsgb.jpg,,,,1167,Green,Lake,C,Snow,"Sediments, Mud, Algae",,,,,,
https://i.imgur.com/wYO2cuz.jpg,,,,1168,Brown,Pond,H,Dirt,"Mud, Sediments",,,,,,
https://i.imgur.com/dFfCF96.jpg,,,,117,Blue,Lake,M,Forest,"Grass Runoff, Salts",,,,,,
https://i.imgur.com/Onoyhnp.jpg,,,,1170,Green,Lake,M,Plains,"Mud, Algae, Grass Runoff, Sediments",,,,,,
https://i.imgur.com/SAib7BF.jpg,,,,1171,Green,Lake,H,Farmland,"Algae, Grass Runoff",,,,,,
https://i.imgur.com/vUNCtui.jpg,,,,1174,Green,River,H,Suburban,"Oil, Algae, Sediments",,,,,,
https://i.imgur.com/A2PO6d7.jpg,,,,1175,Blue,Pond,C,Urban,"Oil, Chemical Runoff, Sediments",,,,,,
https://i.imgur.com/bMCPmKg.jpg,,,,1176,Green,Lake,C,Dirt,"Salt, Mud, Sediments",,,,,,
https://i.imgur.com/L8sgbRP.jpg,,,,1177,Green,Lake,C,Farmland,"Sediments, Mud",,,,,,
https://i.imgur.com/MGPidUr.jpg,,,,1178,Green,Pond,C,Dry Mountains,"Sediments, Mud",,,,,,
https://i.imgur.com/e4C5VM6.jpg,,,,1179,Turqouise,Pond,M,Suburban,"Salts, Sediments",,,,,,
https://i.imgur.com/es2xrKY.jpg,,,,118,Blue,River,H,Forest,Grass Runoff,,,,,,
https://i.imgur.com/bQ8vQY5.jpg,,,,1180,Green,Pond,H,Dirt,"Sediments, Salts",,,,,,
https://i.imgur.com/haRc15l.jpg,,,,1181,Blue,Lake,H,Plains,Sediments,,,,,,
https://i.imgur.com/n5idacf.jpg,,,,1183,Green,Pond,C,Farmland,"Sediments, Grass Runoff, Algae, Salts",,,,,,
https://i.imgur.com/s23O5Ev.jpg,,,,1184,Green,Lake,C,Suburban,"Litter, Sediments",,,,,,
https://i.imgur.com/PZVaSBw.jpg,,,,1189,Blue,Lake,H,Plains,"Sediments, Mud",,,,,,
https://i.imgur.com/9RR6KEx.jpg,,,,1190,Green,River,H,Forest,"Mud, Grass Runoff",,,,,,
https://i.imgur.com/ZqhbADE.jpg,,,,1191,Green,Pond,H,Plains,Algae,,,,,,
https://i.imgur.com/6zu1Ron.jpg,,,,1192,Green,Pond,M,Dry Mountains,"Algae, Sediments",,,,,,
https://i.imgur.com/He0wYgA.jpg,,,,1194,Green,Lake,C,Snow,"Mud, Sediments, Grass Runoff",,,,,,
https://i.imgur.com/OB3RKeL.jpg,,,,1195,Green,Pond,H,Moor,"Sediment, Algae, Grass Runoff",,,,,,
https://i.imgur.com/55c0HZo.jpg,,,,1196,Green,River,M,Dirt,"Mud, Sediments, Salts",,,,,,
https://i.imgur.com/hq5vJKH.jpg,,,,1197,Green,Pond,H,Dry Mountains,"Mud, Sediments, Salts",,,,,,
https://i.imgur.com/pid7J4n.jpg,,,,12,Blue,Stream,H,Mountains,"Salts, Sediments",,,,,,
https://i.imgur.com/don6eYO.jpg,,,,120,Green,Lake,M,Farmland,"Algae, Grass Runoff, Mud",,,,,,
https://i.imgur.com/mhMyxKf.jpg,,,,1201,Green,Pond,H,Dry Mountains,"Salt, Sediments, Algae",,,,,,
https://i.imgur.com/WLh7uQI.jpg,,,,1203,Green,Stream,M,Dirt,"Algae, Sediments, Mud",,,,,,
https://i.imgur.com/IrEQZ3u.jpg,,,,1204,Blue,Pond,C,Forest,"Grass Runoff, Sediments",,,,,,
https://i.imgur.com/3cBx6Yn.jpg,,,,1206,Green,Pond,H,Mountains,"Mud, Algae",,,,,,
https://i.imgur.com/Abbt4pJ.jpg,,,,1207,Blue,Pond,H,Dirt,Sediments,,,,,,
https://i.imgur.com/SaHE36p.jpg,,,,1208,Blue,Lake,M,Plains,"Sediments, Mud",,,,,,
https://i.imgur.com/rAV7a6C.jpg,,,,1209,Blue,Lake,M,Plains,"Sediments, Mud",,,,,,
https://i.imgur.com/7AXIPM4.jpg,,,,121,Turqouise,Bay,M,Forest,"Algae, Sediments, Grass Runoff",,,,,,
https://i.imgur.com/VgydIkJ.jpg,,,,1210,Blue,Pond,H,Farmland,"Chemical Runoff, Sediments, Mud",,,,,,
https://i.imgur.com/eY1jiJl.jpg,,,,1212,Blue,River,M,Grassy Mountains,"Sediments, Grass Runoff, Mud",,,,,,
https://i.imgur.com/AMisAko.jpg,,,,1213,Blue,River,M,Forest,"Grass Runoff, Sediments",,,,,,
https://i.imgur.com/gNTtLj7.jpg,,,,1215,Blue,Lake,M,Plains,Sediments,,,,,,
https://i.imgur.com/piDFK7a.jpg,,,,1218,Blue,Lake,H,Desert,"Sediments, Grass Runoff",,,,,,
https://i.imgur.com/IIwTZfc.jpg,,,,1216,Blue,Lake,M,Farmland,"Grass Runoff, Sediments",,,,,,
https://i.imgur.com/j8TMYZp.jpg,,,,1219,Blue,Lake,M,Plains,"Sediments, Algae",,,,,,
https://i.imgur.com/TLRNWal.jpg,,,,122,Blue,Waterfall,M,Grassy Mountains,"Sediments, Mud, Grass Runoff",,,,,,
https://i.imgur.com/dv0XfeJ.jpg,,,,1220,Brown,Pond,M,Plains,"Mud, Sediments, Grass Runoff",,,,,,
https://i.imgur.com/J7fArGx.jpg,,,,1223,Green,Pond,H,Dirt,"Sediments, Algae",,,,,,
https://i.imgur.com/visKuJR.jpg,,,,1224,Turqouise,River,M,Grassy Mountains,"Grass Runoff, Algae, Mud",,,,,,
https://i.imgur.com/3XnUEAy.jpg,,,,1225,Green,Lake,M,Farmland,"Salts, Algae, Sediments",,,,,,
https://i.imgur.com/EI0attX.jpg,,,,1226,Turqouise,Pond,M,Farmland,"Mud, Sediments, Algae, Plant Nutrients",,,,,,
https://i.imgur.com/LuTxG6g.jpg,,,,1227,Blue,Lake,M,Plains,"Sediments, Mud, Grass Runoff",,,,,,
https://i.imgur.com/fCPdZgJ.jpg,,,,1228,Blue,Pond,C,Dirt,"Sediments, Mud",,,,,,
https://i.imgur.com/dDRML9e.jpg,,,,1230,Brown,River,M,Moor,"Sediments, Salts",,,,,,
https://i.imgur.com/XKYHZZb.jpg,,,,1231,Brown,Pond,H,Plains,"Sediments, Mud",,,,,,
https://i.imgur.com/zxQf3ZR.jpg,,,,1233,Blue,Stream,H,Forest,Grass Runoff,,,,,,
https://i.imgur.com/4kCWYgU.jpg,,,,1235,Blue,River,M,Dirt,"Grass Runoff, Mud",,,,,,
https://i.imgur.com/9pmRLQA.jpg,,,,1236,Blue,Lake,M,Plains,Sediments,,,,,,
https://i.imgur.com/IJ63sJF.jpg,,,,1237,Blue,Pond,M,Plains,"Grass Runoff, Sediments",,,,,,
https://i.imgur.com/p7h87bx.jpg,,,,1238,Blue,Lake,M,Moor,"Grass Runoff, Sediments",,,,,,
https://i.imgur.com/23YZNrn.jpg,,,,1239,Blue,Lake,M,Dry Mountains,"Sediments, Mud",,,,,,
https://i.imgur.com/KBTjBgu.jpg,,,,1242,Brown,Lake,C,Mountains,"Salt, Mud, Sediments, Grass Runoff",,,,,,
https://i.imgur.com/pvQTOvm.jpg,,,,1243,Brown,Pond,M,Dirt,"Salts, Sediments",,,,,,
https://i.imgur.com/Jwixc5e.jpg,,,,1245,Green,Lake,M,Rocky,"Sediments, Algae",,,,,,
https://i.imgur.com/CNThnK3.jpg,,,,1246,Blue,Lake,M,Rocky,Sediments,,,,,,
https://i.imgur.com/YC5Afyk.jpg,,,,1247,Blue,River,M,Dry Mountains,Sediments,,,,,,
https://i.imgur.com/9yoPxSX.jpg,,,,1248,Turqouise,River,M,Dry Mountains,Sediments,,,,,,
https://i.imgur.com/n1G7pNO.jpg,,,,1249,Blue,Pond,C,Dirt,Mud,,,,,,
https://i.imgur.com/uJMRywR.jpg,,,,1250,Brown,Lake,M,Plains,"Algae, Grass Runoff, Sediments",,,,,,
https://i.imgur.com/JWMvVvx.jpg,,,,1251,Blue,Lake,M,Farmland,Sediments,,,,,,
https://i.imgur.com/90lce5j.jpg,,,,1252,Blue,River,H,Rocky,Sediments,,,,,,
https://i.imgur.com/dyJefmp.jpg,,,,1253,Blue,Lake,M,Plains,"Sediments, Grass Runoff",,,,,,
https://i.imgur.com/GYsifl7.jpg,,,,1255,Blue,Lake,C,Moor,Mud,,,,,,
https://i.imgur.com/e09XJIE.jpg,,,,1256,Blue,Pond,C,Dirt,"Sediments, Mud",,,,,,
https://i.imgur.com/OHuOEkB.jpg,,,,1257,Green,Lake,M,Plains,"Salts, Algae, Sediments, Grass Runoff",,,,,,
https://i.imgur.com/eeEjwOo.jpg,,,,1258,Turqouise,Lake,H,Farmland,"Algae, Sediments, Grass Runoff, Chemical Runoff",,,,,,
https://i.imgur.com/2uN02SY.jpg,,,,1259,Turqouise,Lake,M,Plains,"Salts, Algae, Sediments",,,,,,
https://imgur.com/zllWihq,,,,1586,Blue,Lake,M,Dry Mountains,"Algae, sediments",,,,,,
https://imgur.com/wIQ0cwR,,,,1587,Turquoise,Lake,H,Plains,Algae,,,,,,
https://imgur.com/lOUwjYZ,,,,1588,Blue,Lake,C,Dry Mountains,Sediments,,,,,,
https://imgur.com/eRUGMa2,,,,1589,Turquoise,River ,M,Rocky,"Algae, sediments",,,,,,
https://imgur.com/AQBDoCG,,,,159,Blue,Lake,C,Farmland,"Plant nutrients, chemical runoff",,,,,,Surroundings are unclear; took best guess and said it was cold and farmald
https://imgur.com/KQKEIZ9,,,,1590,Blue,Lake,H,Rocky,"Algae, erosion",,,,,,
https://imgur.com/95s1BHd,,,,1591,Blue,Pond,H,Dry Mountains,"Algae, sediments",,,,,,
https://imgur.com/Ya0Q7lY,,,,1592,Green,Lake,M,Rocky,"Algae, sediments",,,,,,
https://imgur.com/5XITZdq,,,,1593,Turquoise,Pond,C,Plains,Algae,,,,,,
https://imgur.com/FF2ZlOH,,,,1594,Green,Pond,C,Dry Moutnains,Sediments,,,,,,
https://imgur.com/aj3DbwJ,,,,1595,Turquoise,Lake,M,Rocky,Sediments,,,,,,
https://imgur.com/rKF5LGe,,,,1596,Blue,Lake,H,Rocky,Sediments,,,,,,
https://imgur.com/NCnLMyu,,,,1597,Blue,River ,M,Rocky,Sediments,,,,,,
https://imgur.com/IOdSGfu,,,,1598,Turquoise,Humanmade Pool,M,Moor,Sediments,,,,,,
https://imgur.com/T7WDssm,,,,1599,Turquoise,Lake,H,Plains,Algae,,,,,,
https://imgur.com/7m99MFE,,,,16,Blue,Ocean,M,Urban,"Construction wastes, salts",,,,,,
https://imgur.com/ATmHVun,,,,160,Blue,Lake,C,Snow/Ice,Sediments,,,,,,
https://imgur.com/Ej9Onei,,,,1600,Green,River,M,Rocky,"Algae, sediments",,,,,,
https://imgur.com/p5Sufne,,,,1601,Green,Pond,M,Rocky,"Algae, sediments",,,,,,
https://imgur.com/BK51FuA,,,,1602,Green,Lake,M,Rocky,"Algae, sediments",,,,,,
https://imgur.com/H3lMupe,,,,1603,Green,Lake,M,Moor,Sediments,,,,,,
https://imgur.com/VOAN6cj,,,,1604,Brown,Brown,H,Rocky,Sediments,,,,,,
https://imgur.com/8JwxFnZ,,,,1605,Green,Lake,M,Plains,Algae,,,,,,
https://imgur.com/bC7RDBI,,,,1606,Blue,Lake,C,Rocky,Sediments,,,,,,
https://imgur.com/rAabLnJ,,,,1609,Blue,Lake,C,Plains,Sediments,,,,,,
https://imgur.com/B6oA2FI,,,,161,Blue,Bay,M,Moor,"Grass runoff, salts",,,,,,
https://imgur.com/hrsS2FL,,,,1610,Green,Lake,H,Rocky,"Sediments, algae",,,,,,
https://imgur.com/eqXmLHE,,,,1611,Blue,Lake,M,Farmland,"Algae, grass runoff, chemical runoff, plant nutrients",,,,,,
https://imgur.com/bBAjLjq,,,,1612,Blue,Lake,H,Dry Moutnains,Sediments,,,,,,
https://i.imgur.com/2SpFFSy.png,,,,1613,Blue,Lake,M,Rocky,Sediments,,,,,,
https://imgur.com/8kOHwuP,,,,1614,Blue,Lake,H,Rocky,"Sediments, algae",,,,,,
https://imgur.com/HhulLZO,,,,1615,Blue,Lake,M,Dry Mountains,"Sediments, algae",,,,,,
https://imgur.com/JukzIdo,,,,1616,Blue,Lake,M,Grassy Mountains,"Sediments, algae, grass runoff",,,,,,
https://imgur.com/01VqvCq,,,,1617,Blue,Lake,M,Rocky,"Sediments, algae",,,,,,
https://imgur.com/DJfG8R1,,,,1618,Turqoise,Lake,H,Rocky,Sediments,,,,,,
https://imgur.com/Adh7VIu,,,,162,Blue,Ocean,M,Urban,"Sediments, chemical runoff, salts, oil, feces",,,,,,
https://imgur.com/s2zLtst,,,,1620,Blue,Lake,M,Plains,"Sediments, algae, grass runoff",,,,,,
https://imgur.com/P1c1ImE,,,,1622,Blue,Lake,M,Grassy Mountains,"Grass runoff, sediments, algae",,,,,,
https://imgur.com/GIGKtZM,,,,1623,Blue,Lake,H,Rocky,"Sediments, algae",,,,,,
https://imgur.com/mXq4LwR,,,,1624,Blue,Lake,M,Dry Mountains,Sediments,,,,,,
https://imgur.com/Odgo1XL,,,,1625,Blue,Lake,C,Rocky,Sediments,,,,,,
https://imgur.com/blzQ9KC,,,,1626,Blue,Lake,M,Rocky,"Sediments, algae",,,,,,
https://imgur.com/AnzkvUs,,,,1627,Blue,Plains,M,Rocky,Sediments,,,,,,
https://imgur.com/RNhC94A,,,,1628,Green,Lake,H,Rocky,Sediments,,,,,,
https://imgur.com/D0UN9wp,,,,1629,Green,Lake,M,Rocky,Sediments,,,,,,
https://imgur.com/1TpBMcF,,,,163,Blue,Ocean,M,Urban,"Sediments, chemical runoff, salts, oil, feces",,,,,,
https://imgur.com/oSKMlkH,,,,1630,White,River,C,Plains,Sediments,,,,,,
https://imgur.com/S6pp9WR,,,,1631,Blue,Lake,M,Plains,"Sediments, algae",,,,,,
https://imgur.com/V5oj2DI,,,,1632,Green,Lake,H,Rocky,"Sediments, salts",,,,,,
https://imgur.com/AkTO6KL,,,,1633,Brown,Lake,H,Rocky,Sediments,,,,,,
https://imgur.com/PgGmFXm,,,,1634,Green,Lake,H,Dry Mountains,"Sediments, algae, salts",,,,,,
https://imgur.com/xPYl8wf,,,,1635,Turquoise,Lake,M,Rocky,"Sediments, algae",,,,,,
https://imgur.com/wsTE4nq,,,,1636,Turquoise,Lake,M,Plains,"Sediments, algae",,,,,,
https://imgur.com/FbYis2x,,,,1637,Blue,Pond,M,Rocky,"Sediments, salts",,,,,,
https://imgur.com/UKjwSzy,,,,1638,Brown,Pond,M,Rocky,"Sediments, salts",,,,,,
https://imgur.com/58DeyeM,,,,1639,Blue,Lake,C,Plains,Sediments,,,,,,
https://imgur.com/anlCOmL,,,,164,Blue,Ocean,M,Urban,"Sediments,salts, oil, feces",,,,,,
https://imgur.com/hKLBN9f,,,,1640,Brown,Lake,M,Rocky,"Sediments, salts",,,,,,
https://imgur.com/NlNUqzW,,,,1641,Brown,Lake,M,Plains,"Sediments, salts",,,,,,
https://imgur.com/yBVJ8Qp,,,,1642,Blue,Lake,M,Plains,"Sediments, salts, grass runoff",,,,,,
https://imgur.com/HjplJCn,,,,1643,Blue,Lake,M,Grassy Mountains,"Sediments, grass runoff",,,,,,
https://imgur.com/iFOjgoA,,,,1644,White,Ocean,M,Urban,"Sediments,salts, oil, feces",,,,,,
https://imgur.com/vg7q58i,,,,1645,White,Lake,M,Plains,"Sediments, grass runoff",,,,,,
https://imgur.com/Sj8IpJA,,,,1646,White,Lake,C,Plains,Sediments,,,,,,
https://imgur.com/5O2AUrq,,,,1647,Brown,Lake,M,Grassy Mountains,"Sediments, salts, grass runoff",,,,,,
https://imgur.com/gJqhBmJ,,,,1649,Brown,Lake,H,Rocky,"Sediments, salts",,,,,,
https://imgur.com/Y20t6ic,,,,165,Blue,Ocean,M,Urban,"Sediments,salts, oil, feces, grass runoff",,,,,,
https://imgur.com/68h19gY,,,,1650,Brown,Pond,M,Rocky,"Sediments, salts",,,,,,
https://imgur.com/w0stdNV,,,,1651,Brown,Lake,H,Plains,"Sediments, salts",,,,,,
https://imgur.com/rvxmcqT,,,,1652,Turquoise,Lake,H,Rocky,Sediments,,,,,,
https://imgur.com/irdr7hY,,,,1653,Green,Pond,M,Rocky,"Sediments, salts, algae",,,,,,
https://imgur.com/mwDCk4t,,,,1654,Green,River,M,Plains,"Sediments, algae",,,,,,
https://imgur.com/eeAu1gw,,,,1655,Green,River,H,Rocky,Sediments,,,,,,
https://imgur.com/8l2ZXpH,,,,1656,Green,Lake,M,Rocky,"Sediments, salts",,,,,,
https://imgur.com/esFy8r7,,,,1657,Green,Lake,M,Plains,Sediments,,,,,,
https://imgur.com/fz1O4N1,,,,1658,Green,Lake,M,Dry Mountains,Sediments,,,,,,
https://imgur.com/6mOHAcH,,,,166,Blue,Ocean,M,Urban,"Sediments,salts, oil, feces",,,,,,
https://imgur.com/jDKfa3G,,,,1660,Blue,Lake,M,Dry Mountains,"Sediments, algae",,,,,,
https://imgur.com/HdoEb3e,,,,1661,Blue,Lake,M,Dry Mountains,"Sediments, algae",,,,,,
https://imgur.com/rycQLzw,,,,1663,Green,Pond,H,Rocky,"Sediments, salts, algae",,,,,,
https://imgur.com/6gkA3gY,,,,1664,Blue,Lake,M,Dry Mountains,Sediments,,,,,,
https://imgur.com/pTBP0Wt,,,,1665,Blue,Lake,C,Plains,"Sediments, grass runoff",,,,,,
https://imgur.com/QHBoB0Q,,,,1666,Brown,Lake,C,Plains,Sediments,,,,,,
https://imgur.com/XTuD9B1,,,,1667,Brown,Lake,M,Plains,"Sediments, grass runoff, salts",,,,,,
https://imgur.com/fRJZb6A,,,,1669,Blue,Lake,M,Farmland,"Salts, grass runoff, chemical runoff, plant nutrients",,,,,,
https://imgur.com/N5rDY8c,,,,167,Blue,Ocean,M,Urban,"Sediments,salts, oil, feces",,,,,,
https://imgur.com/mpeA9vK,,,,1670,Blue,Lake,M,Dry Mountains,"Sediments, algae",,,,,,
https://imgur.com/GJs3Fgg,,,,1671,Green,Lake,M,Rocky,"Sediments, algae",,,,,,
https://imgur.com/dHzOML9,,,,1674,Brown,Lake,M,Plains,"Sediments, algae, salts",,,,,,
https://imgur.com/0HJxwgq,,,,1675,Brown,Lake,M,Plains,"Sediments, algae, salts",,,,,,
https://imgur.com/kkS3MQC,,,,1677,Blue,Lake,M,Grassy Mountains,"Sediments, algae, grass runoff",,,,,,
https://imgur.com/cjOmUtV,,,,1679,Blue,River,M,Grassy Mountains,"Sediments, algae, grass runoff",,,,,,
https://imgur.com/FqVmOXr,,,,1680,Green,Lake,H,Rocky,"Sediments, salts",,,,,,
https://imgur.com/GPm0R8M,,,,1681,Green,Lake,M,Rocky,"Sediments, salts, algae",,,,,,
https://imgur.com/pWxLjMf,,,,1682,Green,Lake,M,Dry Mountains,"Sediments, salts, algae",,,,,,
https://imgur.com/tJA0ehO,,,,1683,Green,Lake,M,Dry Mountains,"Sediments, salts, algae",,,,,,
https://imgur.com/dLAUF7n,,,,1684,Blue,Lake,M,Grassy Mountains,"Sediments, algae, grass runoff",,,,,,
https://imgur.com/K4lIq2K,,,,1685,Blue,Lake,M,Rocky,Sediments,,,,,,
https://imgur.com/1dh1KCH,,,,1686,Blue,Lake,M,Rocky,"Sediments, algae",,,,,,
https://imgur.com/DZRIDzF,,,,1687,Blue,Lake,M,Rocky,"Sediments, algae",,,,,,
https://imgur.com/0GI9H92,,,,1688,Blue,Lake,H,Rocky,"Sediments, algae",,,,,,
https://imgur.com/rYJ220L,,,,1689,Turquoise,Lake,M,Rocky,"Sediments, algae",,,,,,
https://imgur.com/3s1fxHf,,,,1690,Blue,Lake,M,Dry Mounains,Sediments,,,,,,
https://imgur.com/1vh1YJ8,,,,1691,Green,Lake,M,Dry Mountains,"Sediments, algae",,,,,,
https://imgur.com/OyLOqdU,,,,1692,Green,Lake,M,Plains,"Sediments, algae, salts",,,,,,
https://imgur.com/I6ARmNU,,,,1693,Green,River,M,Plains,"Sediments, algae, salts",,,,,,
https://imgur.com/pDKpf5F,,,,1694,Aqumarine,Lake,H,Plains," Sediments, algae, salts",,,,,,
https://imgur.com/EmeKspP,,,,1695,Brown,Lake,M,Plains," Sediments, algae, salts",,,,,,
https://imgur.com/Pr3xwQ0,,,,1696,Turquoise,Lake,M,Suburban,"Sediments, algae, salts, chemical runoff, construction wastes",,,,,,
https://imgur.com/0qFG8ml,,,,1697,Turquoise,Lake,M,Rocky,"Sediments, algae",,,,,,
https://imgur.com/QGEMLAf,,,,1699,Blue,River,M,Plains,"Sediments, algae, salts",,,,,,
https://imgur.com/3TDIRJg,,,,17,Blue,Ocean,M,Urban,"Salts, grass runoff, chemical runoff, plant nutrients, construction wastes",,,,,,
https://imgur.com/rLYEYD1,,,,170,Blue,Ocean,M,Urban,"Salts, grass runoff, chemical runoff, plant nutrients, construction wastes",,,,,,
https://imgur.com/pAxRxjI,,,,1700,Green,Lake,M,Lake,"Sediments, salts",,,,,,
https://imgur.com/XXnwP05,,,,1701,Brown,Lake,M,Dry Mountains,"Sediments, salts",,,,,,
https://imgur.com/zx3bjlT,,,,1702,Green,Lake,M,Plains,"Sediments, salts",,,,,,
https://imgur.com/8ZQtZoc,,,,1703,White,Lake,M,Plains,"Sediments, salts",,,,,,
https://imgur.com/VyXCopu,,,,1704,Green,Lake,M,Plains,"Sediments, salts",,,,,,
https://imgur.com/rvi2v2L,,,,1705,Turquoise,Lake,M,Rocky,"Sediments, algae",,,,,,
https://imgur.com/tEEZXxk,,,,1706,Green,Lake,M,Rocky,"Sediments, algae",,,,,,
https://imgur.com/uGKjYxJ,,,,1707,Brown,Pond,H,Rocky,"Sediments, salts",,,,,,
https://imgur.com/NfBbinE,,,,1708,Green,Lake,H,Dry Moutnains,"Sediments, algae, salts",,,,,,
https://imgur.com/679lRJi,,,,1709,Brown,Stream,H,Dry Moutnains,"Sediments, salts",,,,,,
https://imgur.com/qOtgXXu,,,,1710,Green,Lake,M,Rocky,"Sediments, algae",,,,,,
https://imgur.com/4bDy8lk,,,,1711,Green,Lake,M,Rocky,"Sediments, algae, salts",,,,,,
https://imgur.com/sbfnt92,,,,1712,Brown,Lake,M,Rocky,"Sediments, algae, salts",,,,,,
https://imgur.com/ndaZhtq,,,,1713,Green,Lake,M,Plains,"Sediments, algae, salts, grass runoff",,,,,,
https://imgur.com/UoxBhwc,,,,1714,Green,Lake,M,Plains,"Sediments, algae, salts",,,,,,
https://imgur.com/fbGPUY4,,,,1715,Brown,Lake,M,Grassy Mountains,"Sediments, algae, salts, grass runoff",,,,,,
https://imgur.com/LJGIj8a,,,,1716,Green,Lake,M,Rocky,"Sediments, algae, salts",,,,,,
https://imgur.com/TABSSOO,,,,1717,Green,Lake,M,Rocky,"Sediments, algae, salts",,,,,,
https://imgur.com/WrZKotP,,,,1718,Blue,Lake,M,Rocky,Sediments,,,,,,
https://imgur.com/FuoLGeY,,,,1719,Blue,Lake,M,Dry Mountains,"Sediments, algae",,,,,,
https://imgur.com/oK94yCX,,,,1720,Blue,Lake,M,Dry Mountains,"Sediments, algae",,,,,,
https://imgur.com/heA2zSG,,,,1721,Blue,Lake,M,Rocky,"Sediments, algae",,,,,,
https://imgur.com/zn3JoMG,,,,1722,Blue,Lake,H,Rocky,"Sediments, algae",,,,,,
https://imgur.com/p5lV5QD,,,,1723,Blue,Lake,M,Grassy Mountains,"Sediments, grass runoff, algae",,,,,,
https://imgur.com/sMgEcBp,,,,1724,Brown,Lake,M,Grassy Mountains,"Sediments, grass runoff, algae, salts",,,,,,
https://imgur.com/yPWrM92,,,,1725,Brown,Lake,M,Rocky,"Sediments, algae, salts",,,,,,
https://imgur.com/mJGaoao,,,,1726,Brown,Lake,M,Plains,"Sediments, algae, salts",,,,,,
https://imgur.com/zfcYJgb,,,,1728,Brown,Lake,M,Plains,"Sediments, algae, salts",,,,,,
https://imgur.com/AZ1NoV7,,,,1730,Brown,Lake,M,Plains,"Sediments, grass runoff, algae, salts",,,,,,
https://imgur.com/chI9xGe,,,,1731,Blue,Lake,M,Grassy Mountains,"Sediments, grass runoff, salts",,,,,,
https://imgur.com/ArCOTT5,,,,1732,Blue,River,M,Rocky,Sediments,,,,,,
https://imgur.com/LL3AkmT,,,,1733,Blue,Lake,M,Rocky,"Sediments, algae",,,,,,
https://imgur.com/8WmbPnX,,,,1734,Blue,Lake,M,Rocky,"Sediments, algae",,,,,,
https://imgur.com/LPZJz8N,,,,1735,Turquoise,Lake,M,Dry Mountains,"Sediments, algae",,,,,,
https://imgur.com/uC3wEm8,,,,1736,Blue,Lake,M,Dry Mountains,"Sediments, algae",,,,,,
https://imgur.com/mRIJ5b6,,,,1737,Blue,Lake,M,Dry Mountains,"Sediments, algae, salts",,,,,,
https://imgur.com/zHByDs3,,,,1738,Blue,River,M,Dry Mountains,Sediments,,,,,,
https://imgur.com/b3IU4Wc,,,,1739,Blue,Lake,M,Rocky,"Sediments, algae",,,,,,
https://imgur.com/5CIrDTj,,,,174,Blue,Lake,C,Forrest,"Grass runoff, algae",,,,,,
https://imgur.com/nTtaXcK,,,,1740,Green,Lake,M,Rocky,"Sediments, salts, algae",,,,,,
https://imgur.com/le1CJpM,,,,1742,Green,Lake,M,Rocky,"Sediments, algae",,,,,,
https://imgur.com/Yh4fvPy,,,,1743,White,River,C,Rocky,Sediments,,,,,,
https://imgur.com/Yl7s6U1,,,,1744,White,Lake,C,Rocky,Sediments,,,,,,
https://imgur.com/TzdooTk,,,,1745,White,Lake,C,Rocky,Sediments,,,,,,
https://imgur.com/Xi8P5t0,,,,1746,Turquoise,Lake,M,Rocky,"Sediments, salts",,,,,,
https://imgur.com/WPE4Bys,,,,1747,Blue,Lake,M,Dry Mountains,Sediments,,,,,,
https://imgur.com/M8ddvD6,,,,1748,Blue,Lake,M,Dry Mountains,Sediments,,,,,,
https://imgur.com/ALyLtAa,,,,1749,Green,Lake,M,Dry Mountains,Sediments,,,,,,
https://imgur.com/H4eC1WG,,,,1750,Blue,Lake,M,Dry Mountains,"Sediments, algae",,,,,,
https://imgur.com/MPmM4Xl,,,,1751,Blue,Lake,M,Rocky,"Sediments, algae",,,,,,
https://imgur.com/TmYhJL7,,,,1752,White,Lake,C,Plains,Sediments,,,,,,
https://imgur.com/7YpHA0r,,,,1753,Green,Lake,M,Rocky,"Sediments, salts",,,,,,
https://imgur.com/3qGWW62,,,,1754,Blue,Lake,M,Grassy Mountains,"Sediments, grass runoff",,,,,,
https://imgur.com/sMhubZw,,,,1755,Blue,Lake,M,Dry Moutnains,"Sediments, algae",,,,,,
https://imgur.com/xXSTTW7,,,,1756,Blue,Lake,M,Rocky,"Sediments, algae",,,,,,
https://imgur.com/REorNvw,,,,1757,Blue,Lake,M,Rocky,"Sediments, algae",,,,,,
https://imgur.com/wMOvvzp,,,,1758,Blue,Lake,M,Rocky,"Sediments, algae",,,,,,
https://imgur.com/GQn3wU1,,,,1759,Green,Lake,H,Rocky,"Sediments, salts",,,,,,
https://imgur.com/YO2zTf2,,,,1760,Green,Lake,M,Plains,"Sediments, oils",,,,,,
https://imgur.com/sipFmbq,,,,1761,Blue,Lake,M,Rocky,"Sediments, algae",,,,,,
https://imgur.com/UUXmRI5,,,,1762,Green,Lake,M,Plains,"Sediments, algae",,,,,,
https://imgur.com/9VyvwDV,,,,1763,Green,Lake,M,Rocky,Sediments,,,,,,
https://imgur.com/di8ys7h,,,,1764,Blue,Lake,M,Grassy Mountains,"Sediments, grass runoff, algae",,,,,,
https://imgur.com/xrCl1Ps,,,,1765,Blue,Lake,M,Dry Mountains,"Sediments, algae",,,,,,
https://imgur.com/M0T5OHI,,,,1766,Green,Lake,M,Plains,"Sediments, salts",,,,,,
https://imgur.com/uE71MJ9,,,,1767,Blue,Lake,M,Grassy Mountains,"Sediments, grass runoff, algae",,,,,,
https://imgur.com/yTlhZwH,,,,1768,Blue,Lake,C,Dry Mountains,Sediments,,,,,,
https://imgur.com/ylNfK85,,,,1769,White,Lake,C,Rocky,Sediments,,,,,,
https://imgur.com/SJouMqT,,,,177,Blue,Lake,C,Farmland,Grass runoff,,,,,,
https://imgur.com/mzljvlq,,,,1770,White,Lake,C,Rocky,Sediments,,,,,,
https://imgur.com/KIccYSz,,,,1771,Blue,River,M,Rocky,"Sediments, salts, algae",,,,,,
https://imgur.com/SPsoCWX,,,,1772,Green,Lake,M,Rocky,"Sediments, algae",,,,,,
https://imgur.com/uHyjRds,,,,1773,Blue,Lake,M,Dry Mountains,"Sediments, algae",,,,,,
https://imgur.com/PehCtMI,,,,1774,Turquoise,Lake,M,Rocky,Sediments,,,,,,
https://imgur.com/CBhriOM,,,,1775,Green,Lake,M,Dry Mountains,"Sediments, salts",,,,,,
https://imgur.com/GSQF4P5,,,,1776,Brown,Lake,M,Rocky,"Sediments, salts",,,,,,
https://imgur.com/96iMCs6,,,,1777,Brown,Lake,M,Rocky,"Sediments, salts",,,,,,
https://imgur.com/1BHdj05,,,,1778,Brown,Lake,M,Rocky,"Sediments, salts",,,,,,
https://imgur.com/FF1O8Yv,,,,1779,White,Lake,C,Dry Mountains,Sediments,,,,,,
https://imgur.com/BmxrLvE,,,,1780,Brown,Lake,M,Rocky,"Sediments, salts",,,,,,
https://imgur.com/XgF7F9c,,,,1781,White,River,C,Rocky,Sediments,,,,,,
https://imgur.com/iZy2V5w,,,,1782,Brown,Lake,M,Rocky,"Sediments, salts",,,,,,
https://imgur.com/lxohevR,,,,1783,Green,Lake,M,Rocky,"Sediments, salts",,,,,,
https://imgur.com/OlIg4Vb,,,,1784,Brown,Lake,H,Dry Mountains,"Sediments, algae",,,,,,
https://imgur.com/0rge635,,,,1785,Brown,Lake,M,Rocky,"Sediments, salts",,,,,,
https://imgur.com/cLrCfQL,,,,1786,Turquoise,Lake,M,Urban,"Sediments, salts, chemical runoff, algae",,,,,,
https://imgur.com/WBAhkFw,,,,1787,Green,Lake,M,Rocky,"Sediments, salts, algae",,,,,,
https://imgur.com/jRe2eZc,,,,1788,Brown,Lake,M,Rocky,"Sediments, salts",,,,,,
https://imgur.com/Lc6uhkP,,,,1789,White,Lake,M,Rocky,"Sediments, salts",,,,,,
https://imgur.com/twOj436,,,,1790,Green,River,H,Rocky,"Sediments, algae",,,,,,
https://imgur.com/5V9dw9K,,,,1792,Green,Lake,M,Plains,"Sediments, algae, grass runoff",,,,,,
https://imgur.com/HWaMGPz,,,,1793,Green,Lake,M,Plains,"Sediments, algae, grass runoff",,,,,,
https://imgur.com/59QMMpf,,,,1794,Green,Lake,M,Plains,"Sediments, algae",,,,,,
https://imgur.com/rxxyFI8,,,,1795,Brown,Lake,H,Rocky,Sediments,,,,,,
https://imgur.com/0kPSfMs,,,,1796,Blue,Lake,M,Plains,"Sediments, algae, grass runoff",,,,,,
https://imgur.com/uPPnKzs,,,,1797,Brown,Pond,M,Plains,"Sediments, salts",,,,,,
https://imgur.com/Q04ZnBz,,,,1798,Blue,River,M,Grassy Mountains,"Sediments, grass runoff, algae",,,,,,
https://imgur.com/9dusPRB,,,,1799,Brown,Lake,M,Rocky,"Sediments, algae",,,,,,
https://imgur.com/1kzFslK,,,,18,Blue,Bay,M,Urban,"Sediments, chemical runoff, salts, oil, feces, grass runoff",,,,,,
https://imgur.com/fad8nJF,,,,1800,Green,Lake,M,Rocky,"Sediments, salts",,,,,,
https://imgur.com/4OP5VOc,,,,1801,Brown,Lake,M,Rocky,"Sediments, salts",,,,,,
https://imgur.com/UEomC6q,,,,1802,Green,Lake,M,Forest,"Sediments, grass runoff, algae",,,,,,
https://imgur.com/7E8VOHf,,,,1803,Green,Lake,M,Plains,"Sediments, grass runoff, algae, salts",,,,,,
https://imgur.com/K06gfw3,,,,1804,Blue,Lake,M,Plains,"Grass runoff, sediments",,,,,,
https://imgur.com/mnenx1G,,,,1805,Green,Lake,M,Plains,"Sediments, salts, algae",,,,,,
https://imgur.com/xJJfUbv,,,,1806,Turquoise,Lake,M,Plains,"Sediments, salts",,,,,,
https://imgur.com/R3EkqHf,,,,1807,Turquoise,Lake,M,Rocky,Sediments,,,,,,
https://imgur.com/f21lY3g,,,,1808,Turquoise,Lake,M,Rocky,"Sediments, algae",,,,,,
https://imgur.com/3Bx2xsU,,,,1809,Turquoise,Lake,M,Rocky,Sediments,,,,,,
https://imgur.com/z73VOKB,,,,1810,Turquoise,Lake,M,Rocky,"Sediments, algae",,,,,,
https://imgur.com/swhs92O,,,,1811,Green,Lake,M,Rocky,"Sediments, algae",,,,,,
https://imgur.com/u7MS0V1,,,,1812,Blue,Lake,M,Rocky,Sediments,,,,,,
https://imgur.com/psj428v,,,,1813,Green,Lake,M,Plains,"Sediments, grass runoff, salts, algae",,,,,,
https://imgur.com/OgMEi7Q,,,,1814,Green,River,M,Plains,"Sediments, salts, algae",,,,,,
https://imgur.com/oGEzHlv,,,,1815,Green,Lake,M,Dry Mountains,Sediments,,,,,,
https://imgur.com/x1tJFWF,,,,1816,Blue,Lake,M,Grassy Mountains,"Sediments, grass runoff, algae",,,,,,
https://imgur.com/4Ji8hjJ,,,,1817,Blue,Lake,M,Grassy Mountains,"Sediments, grass runoff, algae",,,,,,
https://imgur.com/RqqyEDZ,,,,1818,Blue,Lake,M,Grassy Mountains,"Sediments, grass runoff, algae",,,,,,
https://imgur.com/eF4Bypu,,,,1819,Blue,Lake,M,Dry Mountains,"Sediments, algae",,,,,,
https://imgur.com/TMY62kM,,,,182,Blue,Lake,M,Forest,"Sediments, grass runoff, algae",,,,,,
https://imgur.com/WIXsBUE,,,,1820,Blue,Lake,M,Dry Mountains,"Sediments, algae",,,,,,
https://imgur.com/Gmt1pV3,,,,1822,Brown,Lake,M,Dry Mountains,Sediments,,,,,,
https://imgur.com/QwKcOSQ,,,,1823,Brown,Lake,M,Dry Mountains,"Sediments, salts",,,,,,
https://imgur.com/IOr0ZbE,,,,1824,Green,Lake,M,Rocky,"Sediments, algae",,,,,,
https://imgur.com/tCcBAsm,,,,1825,Blue,Lake,M,Grassy Mountains,"Sediments, grass runoff, algae",,,,,,
https://imgur.com/jDxPVcY,,,,1826,Blue,Lake,M,Rocky,Sediments,,,,,,
https://imgur.com/7ap7lrV,,,,1827,Green,Lake,M,Dry Mountains,"Sediments, algae",,,,,,
https://imgur.com/a7aRJ1D,,,,1828,Blue,Lake,M,Rocky,"Sediments, algae",,,,,,
https://imgur.com/CqZcPJT,,,,1829,Dark Bue,Lake,M,Rocky,"Sediments, algae",,,,,,
https://imgur.com/0iyXEZ3,,,,183,Blue,Lake,C,Forest,Grass runoff,,,,,,
https://imgur.com/XW30F4i,,,,1830,Green,Lake,M,Rocky,"Sediments, salts, algae",,,,,,
https://imgur.com/1cp7dt9,,,,1831,Blue,Lake,M,Rocky,"Sediments, algae",,,,,,
https://imgur.com/mckhDp5,,,,1832,Brown,Lake,M,Plains,"Sediments, salts, algae",,,,,,
https://imgur.com/IarJ558,,,,1833,Green,Lake,M,Plains,"Sediments, salts, algae",,,,,,
https://imgur.com/FXVu001,,,,1834,Green,Lake,M,Rocky,"Sediments, salts, algae",,,,,,
https://imgur.com/L28BpTy,,,,1835,Brown,Lake,M,Rocky,"Sediments, salts",,,,,,
https://imgur.com/fki5dkc,,,,1836,Turquoise,Lake,M,Rocky,"Sediments, salts",,,,,,
https://imgur.com/vboPrIZ,,,,1837,Turquoise,Lake,M,Rocky,"Sediments, salts",,,,,,
https://imgur.com/P7PwELp,,,,1838,Brown,Lake,M,Rocky,"Sediments, salts",,,,,,
https://imgur.com/FzpgChz,,,,1839,White,Pond,M,Rocky,Sediments,,,,,,
https://imgur.com/keraBTu,,,,1840,Turquoise,Lake,M,Rocky,"Sediments, salts",,,,,,
https://imgur.com/uwSllnC,,,,1842,Brown,Lake,M,Rocky,"Sediments, salts",,,,,,
https://imgur.com/r6KNDHs,,,,1843,Brown,Lake,M,Rocky,"Sediments, salts",,,,,,
https://imgur.com/eNgTEoh,,,,1844,Blue,Lake,M,Rocky,"Sediments, salts",,,,,,
https://imgur.com/vcEsQiN,,,,1845,Blue,Lake,M,Rocky,"Sediments, salts",,,,,,
https://imgur.com/FVFJ0ii,,,,1846,Blue,Lake,M,Grassy Mountains,"Grass runoff, algae, sediments",,,,,,
https://imgur.com/9sLJaIK,,,,1847,Blue,Lake,M,Rocky,"Sediments, oils, algae",,,,,,
https://imgur.com/AR6DUPZ,,,,1848,Green,Lake,M,Rocky,"Sedimetns, salts, algae",,,,,,
https://imgur.com/EYjcFcI,,,,1849,Blue,Lake,M,Rocky,"Sediments, algae",,,,,,
https://imgur.com/NHwnS2e,,,,185,Blue,Lake,M,Grassy Mountains,"Sediments, grass runoff, algae",,,,,,
https://imgur.com/o99vRUz,,,,186,Blue,Bay,M,Urban,"Grass runoff, sediments, algae, construction waste, oils, chemical runoff, salts",,,,,,
https://imgur.com/ky4gGLs,,,,187,Blue,Ocean,M,Urban,"Grass runoff, sediments, algae, construction waste, oils, chemical runoff, salts",,,,,,
https://imgur.com/0C29N4a,,,,189,Blue,Ocean,M,Urban,"Grass runoff, sediments, algae, construction waste, oils, chemical runoff, salts",,,,,,
https://imgur.com/Y2e8MdF,,,,19,Blue,Bay,M,Grassy Mountains,"Grass runoff, salts",,,,,,
https://imgur.com/NAPLbPl,,,,190,Blue,Ocean,M,Grassy Mountains,"Grass runoff, salts",,,,,,
https://imgur.com/ZL9Zqch,,,,2,Blue,Bay,M,Industiral,"Grass runoff, sediments, algae, construction waste, oils, chemical runoff, salts",,,,,,
https://imgur.com/T6RK0NQ,,,,20,Blue,Lake,M,Grassy Mountains,"Grass runoff, salts",,,,,,
https://imgur.com/CNLKalY,,,,21,Blue,Lake,M,Plains,"Grass runoff, sediments",,,,,,
https://imgur.com/1REuei9,,,,2169,Blue,River,M,Urban,"Grass runoff, sediments, algae, construction waste, oils, chemical runoff, salts",,,,,,
https://imgur.com/t6XgIHS,,,,2170,Blue,River,M,Dry Mountains,"Sediments, construction wastes",,,,,,
https://imgur.com/mTXGbrc,,,,2171,Blue,River,M,Grassy Mountains,"Sediments, grass runoff, algae",,,,,,
https://imgur.com/yBDKyDA,,,,2172,Blue,Lake,M,Dry Mountains,"Sediments, algae",,,,,,
https://imgur.com/nrSohRg,,,,2173,Blue,Lake,M,Dry Mountains,Sediments,,,,,,
https://imgur.com/cxxTfEH,,,,2174,Turquoise,Lake,M,Dry Mountains,Sediments,,,,,,
https://imgur.com/GqZjEi4,,,,2175,Blue,Bay,M,Grassy Mountains,"Sediments, algae, salts",,,,,,
https://imgur.com/e0Z1yGV,,,,2177,Blue,Lake,M,Grassy Mountains,"Sediments, algae",,,,,,
https://imgur.com/aaTZiY4,,,,2178,Blue,Bay,M,Urban,"Sediments, salts, constuction wastes, chemical runoff",,,,,,
https://imgur.com/4YDZeRZ,,,,2179,Turquoise,River,M,Dry Mountains,"Sediments, algae",,,,,,
https://imgur.com/adfygsQ,,,,2180,Blue,River,M,Grassy Mountains,"Sediments, grass runoff, algae",,,,,,
https://imgur.com/ukVVCNV,,,,2181,Turquoise,River,M,Rocky,Sediments,,,,,,
https://imgur.com/q9jzQx9,,,,2182,Blue,River,M,Rocky,Sediments,,,,,,
https://imgur.com/Jj3XWM0,,,,2183,Blue,River,M,Rocky,Sediments,,,,,,
https://imgur.com/PThSUky,,,,2184,Blue,River,M,Grassy Mountains,"Sediments, grass runoff, construction waste",,,,,,
https://imgur.com/yngruXr,,,,2185,Blue,Lake,M,Rocky,Sediments,,,,,,
https://imgur.com/NBPuupD,,,,2188,Blue,River,M,Rocky,"Sediments, algae",,,,,,
https://imgur.com/ZJ75jTx,,,,2189,Blue,Lake,M,Farmland,"Sediments, algae, chemical runoff, grass runoff",,,,,,
https://imgur.com/tXBBZUj,,,,2193,Blue,Lake,M,Grassy Mountains,"Sediments, grass runoff",,,,,,
https://imgur.com/nz45Kwv,,,,2194,Blue,Lake,M,Grassy Mountains,"Sediments, grass runoff, algae",,,,,,
https://imgur.com/GWKAgKV,,,,2195,Blue,Lake,M,Grassy Mountains,"Sediments, grass runoff, algae",,,,,,
https://imgur.com/RKBnsF9,,,,2196,Blue,Lake,M,Urban,"Sediments, algae, chemical runoff, grass runoff, construction wastes",,,,,,
https://imgur.com/SKmYTWe,,,,2197,Blue,Lake,M,Urban,"Sediments, algae, chemical runoff, grass runoff, construction wastes",,,,,,
https://imgur.com/CTDOekh,,,,2198,Brown,Lake,H,Dry Mountains,"Sediments, algae",,,,,,
https://imgur.com/m0Pnsmx,,,,2199,Blue,Lake,M,Plains,"Sedimets, algae, grass runoff",,,,,,
https://imgur.com/wWRj2CE,,,,22,Brown,Lake,M,Urban,"Sediments, chemical runoff, grass runoff, construction wastes",,,,,,
https://imgur.com/HVHCXYb,,,,2200,Blue,River,C,Rocky,Sediments,,,,,,
https://imgur.com/uskgDl0,,,,2201,Blue,Lake,M,Grassy Mountains,"Sediments, grass runoff, algae",,,,,,
https://imgur.com/bK0oE8s,,,,2202,Turquoise,Lake,M,Dry Mountains,Sediments,,,,,,
https://imgur.com/ruvosqf,,,,2203,Blue,Lake,M,Dry Mountains,Sediments,,,,,,
https://imgur.com/csr118d,,,,2204,Blue,Lake,M,Urban,"Grass runoff, sediments, algae, construction waste, chemical runoff, salts",,,,,,
https://imgur.com/Zo12kI9,,,,2205,Blue,Lake,M,Grassy Mountains,"Grass runoff, algae",,,,,,
https://imgur.com/gzo1I2A,,,,2206,Blue,Lake,M,Urban,"Grass runoff, construction wastes, chemical runoff",,,,,,
https://imgur.com/GWxoKxh,,,,2207,Blue,Lake,M,Urban,"Grass runoff, construction wastes, chemical runoff, algae",,,,,,
https://imgur.com/zB6kbhx,,,,2209,Blue,Lake,M,Dry Mountains,"Sediments, algae",,,,,,
https://imgur.com/J3XX1UA,,,,2210,Blue,Lake,M,Grassy Mountains,"Sediments, grass runoff, algae",,,,,,
https://imgur.com/62O0eeW,,,,2211,Blue,Lake,M,Grassy Mountains,"Sediments, grass runoff, algae",,,,,,
https://imgur.com/1i6JdhZ,,,,2212,Blue,Lake,M,Grassy Mountains,"Sediments, grass runoff, algae",,,,,,
https://imgur.com/ftKLh5j,,,,2213,Blue,Lake,M,Grassy Mountains,"Sediments, grass runoff, algae",,,,,,
https://imgur.com/Bg0EqJ6,,,,2214,Blue,Lake,M,Grassy Mountains,"Sediments, grass runoff, algae",,,,,,
https://imgur.com/fdekINI,,,,2215,Blue,Lake,M,Grassy Mountains,"Sediments, grass runoff, algae",,,,,,
https://imgur.com/jzCabwH,,,,2216,Blue,River,M,Grassy Mountains,"Sediments, grass runoff, algae",,,,,,
https://imgur.com/lyjUe3h,,,,2217,Blue,River,M,Rocky,"Sediments, algae",,,,,,
https://imgur.com/HqwhduL,,,,2218,Blue,Lake,M,Urban,"Grass runoff, algae, chemical runoff constuction wastes",,,,,,
https://imgur.com/remBmnw,,,,2219,Green,Lake,M,Dry Mountains,"Sediments, algae",,,,,,
https://imgur.com/i5ugAvx,,,,2220,Blue,River,M,Grassy Mountains,Grass runoff,,,,,,
https://imgur.com/06VidjF,,,,2221,Blue,Lake,M,Urban,"Grass runoff, algae, chemical runoff constuction wastes",,,,,,
https://imgur.com/vcXXbac,,,,2223,Blue,Lake,M,Rocky,"Sediments, grass runoff, algae",,,,,,
https://imgur.com/6i6PvAu,,,,2224,Turquoise,Lake,M,Plains,"Sediments, algae",,,,,,
https://imgur.com/GgOIrK6,,,,2225,Blue,Lake,M,Dry Mountains,Sediments,,,,,,
https://imgur.com/OleBRwg,,,,2226,Blue,Lake,C,Dry Mountains,Sediments,,,,,,
https://imgur.com/ryFtDZX,,,,2227,Blue,Lake,C,Dry Mountains,Sediments,,,,,,
https://imgur.com/DfmN4HV,,,,2228,Green,Lake,M,Urban,"Sediments, algae, construction wastes",,,,,,
https://imgur.com/oEDfg3D,,,,2229,Green,Lake,M,Urban,"Sediments, algae, construction wastes, chemical runoff",,,,,,
https://imgur.com/gnjwQ9h,,,,2230,Blue,River,M,Rocky,"Sediments, algae",,,,,,
https://imgur.com/pAInXYr,,,,2231,Blue,Lake,M,Urban,"Sediments, algae, construction wastes, chemical runoff",,,,,,
https://imgur.com/dpx7xi9,,,,2233,Blue,Lake,M,Dry Mountains,"Sediments, algae",,,,,,
https://imgur.com/FiNniU4,,,,2234,Blue,River,M,Plains,"Sediments, grass runoff, algae",,,,,,
https://imgur.com/OTim6Qq,,,,2235,Turquoise,Lake,M,Farmland,"Sediments, grass runoff, plant nutrients, chemical runoff, algae",,,,,,
https://imgur.com/JuVy483,,,,2236,Blue,Lake,M,Plains,"Sediments, algae",,,,,,
https://imgur.com/iYiToQ4,,,,2237,Turquoise,Lake,M,Rocky,"Sediments, algae",,,,,,
https://imgur.com/lQdbDU1,,,,2240,Blue,Lake,M,Rocky,"Sedimetns, algae",,,,,,
https://imgur.com/noQHJEi,,,,2241,Blue,Lake,M,Rocky,"Sediments, algae",,,,,,
https://imgur.com/zMOpJy4,,,,2242,Turquoise,River,M,Rocky,Sediments,,,,,,
https://imgur.com/fFuUK9l,,,,2244,Turquoise,Lake,M,Plains,"Sediments, algae, grass runoff ",,,,,,
https://imgur.com/IkjxrVf,,,,2246,Turquoise,Lake,M,Plains,"Sedimetns, algae",,,,,,
https://imgur.com/xnEB7M6,,,,2247,Turquoise,Lake,M,Plains,"Sediments, algae",,,,,,
https://imgur.com/aV2bcO6,,,,2248,Blue,River,M,Rocky,"Sediments, algae",,,,,,
https://imgur.com/Xq0guRY,,,,2249,Blue,Lake,M,Grassy Mountains,"Sedimetns, grass runoff",,,,,,
https://imgur.com/oEr6Y1z,,,,2250,Blue,River,M,Dry Mountains,"Sediments, algae",,,,,,
https://imgur.com/GqzeAF2,,,,2251,Turquoise,Lake,M,Plains,"Sediments, grass runoff",,,,,,
https://imgur.com/jAfeA3e,,,,2253,Turquoise,Lake,M,Plains,"Sediments, grass runoff",,,,,,
https://imgur.com/Y9Ae6sX,,,,2254,Blue,River,M,Dry Mountains,Sediments,,,,,,
https://imgur.com/3ExjhEN,,,,2255,Turquoise,River,M,Dry Mountains,"Sediments, algae",,,,,,
https://imgur.com/0vw0oy7,,,,2258,Turquoise,Lake,M,Grassy Mountains,"Sediments, grass runoff, algae",,,,,,
https://imgur.com/rzcjPPc,,,,2259,Turquoise,River,M,Dry Mountains,"Sediments, algae",,,,,,
https://imgur.com/n8kQLlo,,,,2261,Blue,River,C,Dry Mountains,Sediments,,,,,,
https://imgur.com/XwlGShN,,,,2262,Blue,Lake,C,Dry Mountains,Sediments,,,,,,
https://imgur.com/RDvUWZY,,,,2263,Blue,River,M,Grassy Mountains,Grass runoff,,,,,,
https://imgur.com/Fq66hNy,,,,2264,Blue,River,M,Dry Mountains,Sediments,,,,,,
https://imgur.com/bw3xgBR,,,,2266,Turquoise,Lake,M,Dry Mountains,Sediments,,,,,,
https://imgur.com/FafxdVw,,,,2267,Turquoise,Lake,M,Dry Mountains,Sediments,,,,,,
https://imgur.com/SbCdTE6,,,,2268,Blue,River,M,Dry Mountains,Sediments,,,,,,
https://imgur.com/cfAtcRY,,,,2270,Blue,River,C,Dry Mountains,Sediments,,,,,,
https://imgur.com/8vhbRMw,,,,2273,Blue,River,M,Dry Mountains,Sediments,,,,,,
https://imgur.com/IsP8hpE,,,,2274,Turquoise,Lake,M,Plains,"Sediments, algae",,,,,,
https://imgur.com/xTasb93,,,,2275,Turquoise,Lake,M,Dry Mountains,"Sediments, algae",,,,,,
https://imgur.com/NEzWNqq,,,,2276,Blue,River,M,Forest,"Sediments, grass runoff, algae",,,,,,
https://imgur.com/AO4z5SE,,,,2277,Blue,River,M,Rocky,"Sediments, sediments",,,,,,
https://imgur.com/XsXMue5,,,,2278,Blue,Lake,M,Plains,"Sediments, algae",,,,,,
https://imgur.com/XDA9rcZ,,,,2281,Blue,River,M,Rocky,"Sediments, grass runoff",,,,,,
https://imgur.com/eMb9pBg,,,,2282,Blue,River,M,Grassy Mountains,"Sediments, grass runoff",,,,,,
https://imgur.com/BrOKzW6,,,,2283,Blue,River,M,Farmland,"Sediments, algae, grass runoff, plant nutrients",,,,,,
https://imgur.com/smwKh1a,,,,2285,Blue,River,M,Dry Mountains,"Sediments, algae",,,,,,
https://imgur.com/iEHa60h,,,,2286,Blue,Lake,M,Farmland,"Sediments, grassrunoff, plant nutrients",,,,,,
https://imgur.com/LLZMThB,,,,2287,Blue,River,C,Dry Mountains,Sediments,,,,,,
https://imgur.com/7nKDyV9,,,,2288,Blue,River,M,Grassy Mountains,"Sediments, grass runoff, algae",,,,,,
https://imgur.com/0wTWAis,,,,2289,Turquoise,Lake,M,Grassy Mountains,"Sediments, grass runoff, algae",,,,,,
https://imgur.com/9ydxwjP,,,,2290,Blue,River,M,Rocky,"Sediments, grass runoff, algae",,,,,,
https://imgur.com/N8xSCWw,,,,2291,Blue,Lake,M,Rocky,"Sediments, grass runoff, algae",,,,,,
https://imgur.com/2DesUjJ,,,,2292,Blue,River,M,Rocky,"Sediments, grass runoff, algae",,,,,,
https://imgur.com/gYsTABY,,,,2293,Blue,River,M,Rocky,"Sediments, algae",,,,,,
https://imgur.com/G7pzATU,,,,2294,Blue,River,M,Dry Mountains,"Sediments, algae",,,,,,
https://imgur.com/DWR3lJc,,,,2295,Turquoise,River,M,Dry Mountains,Sediments,,,,,,
https://imgur.com/Pj6tlNv,,,,2296,Blue,Lake,M,Urban,"Sediments, grass runoff, construction waste, chemical runoff",,,,,,
https://imgur.com/vbV4Djv,,,,2298,Blue,River,M,Grassy Mountains,"Grass runoff, sediments, algae",,,,,,
https://imgur.com/nahF7Ly,,,,2299,Turquoise,River,M,Dry Mountains,"Sediments, algae",,,,,,
https://imgur.com/WuLP954,,,,23,Blue,Bay,M,Forest,"Grass runoff, salts",,,,,,
https://imgur.com/T5hbxU4,,,,2300,Blue,River,M,Dry Mountains,"Sediments, algae",,,,,,
https://imgur.com/X0H183f,,,,2301,Turquoise,Lake,M,Dry Mountains,"Sediments, algae",,,,,,
https://imgur.com/we3WDQm,,,,2302,Turquoise,River,M,Dry Mountains,"Sediments, algae",,,,,,
https://imgur.com/ygLxENR,,,,2304,Turquoise,River,M,Urban,"Sediments, algae, construction waste, chemical runoff",,,,,,
https://imgur.com/fWw9gBu,,,,2306,Blue,Lake,M,Grassy Mountains,"Sediments, grass runoff, algae",,,,,,
https://imgur.com/IWhwknU,,,,2307,Blue,River,M,Dry Mountains,"Sediments, algae",,,,,,
https://imgur.com/KVN02eh,,,,2309,Turquoise,Lake,M,Plains,"Sediments, algae",,,,,,
https://imgur.com/rfkmXcw,,,,2311,Blue,Lake,M,Farmland,"Sediments, grass runoff, plant nutrients, algae",,,,,,
https://imgur.com/u5hnQpv,,,,2313,Blue,River,M,Farmland,"Sediments, grass runoff, plant nutrients",,,,,,
https://imgur.com/47GuZ8W,,,,2314,Blue,River,M,Grassy Mountains,"Sediments, grass runoff, algae",,,,,,
https://imgur.com/ROaG8fI,,,,2315,Blue,Lake,M,Rocky,"Sediments, grass runoff, algae",,,,,,
https://imgur.com/ZH94RBf,,,,2316,Brown,River,M,Rocky,"Sediments, grass runoff",,,,,,
https://imgur.com/wk2CogX,,,,2318,Blue,River,M,Grassy Mountains,"Sediments, grass runoff, algae",,,,,,
https://imgur.com/T5xVpR1,,,,2319,Green,Lake,M,Rocky,"Sediments, algae",,,,,,
https://imgur.com/L6nMmmp,,,,232,Blue,Lake,M,Urban,"Sediments, algae, cosntruction waste, chemical runoff, feces",,,,,,
https://imgur.com/JVmQOV7,,,,2320,Blue,River,M,Dry Mountains,"Sediments, algae",,,,,,
https://imgur.com/BWfH2hK,,,,2325,Blue,River,M,Dry Mountains,"Sediments, algae",,,,,,
https://imgur.com/UPTUHf0,,,,233,Blue,Lake,M,Farmland,"Sediments, algae, plant nutrients, grass runoff",,,,,,
https://imgur.com/wKFwCMA,,,,2330,Turquoise,River,M,Farmland,"Sediments, algae, plant nutrients, grass runoff",,,,,,
https://imgur.com/lWe6KEJ,,,,2332,Blue,River,M,Farmland,"Sediments, algae, plant nutrients, grass runoff",,,,,,
https://imgur.com/aexZGXh,,,,2333,Blue,River,M,Rocky,"Sediments, grass runoff",,,,,,
https://imgur.com/eP3pxqy,,,,2334,Blue,River,M,Dry Mountains,Sediments,,,,,,
https://imgur.com/Fl3NnDD,,,,2337,Blue,Lake,M,Grassy Mountains,"Sediments, grass runoff",,,,,,
https://i.imgur.com/SHQLJZM.jpg?1,,,,2393,Green,River,C,Moor,Algae,3,8,5,1,F,
https://i.imgur.com/kGJ7KOT.jpg?1,,,,2395,Turquoise,Pond,C,Urban,Grass Runoff,3,6,2,2,T,
https://i.imgur.com/Zx2UYFY.jpg,,,,2396,Green,Pond,C,Urban,"Algae, Grass Runoff",2,8,6,4,F,
https://i.imgur.com/h4iJirE.jpg,,,,2397,Blue,Lake,C,Rocky,Sediments,5,7,1,1,T,
https://i.imgur.com/eXAyc6f.jpg,,,,2398,Turquoise,River,C,Urban,Sediments,7,9,4,5,F,
https://i.imgur.com/AbzlG0J.jpg,,,,2399,Turquoise,River,C,Moor,"Algae, Sediments",7,8,4,4,F,
https://i.imgur.com/ffbILzo.jpg,,,,2400,Turquoise,River,M,Urban,"Algae, Chemical Runoff",2,10,6,7,F,
https://i.imgur.com/GPjQAtE.jpg,,,,2402,Blue,Bay,C,Sand,"Mud, Salts",7,10,2,2,F,
https://i.imgur.com/EpozqEv.png,,,,2403,Green,Humanmade Pool,M,Industrial,Chemical Runoff,1,12,8,8,,
https://i.imgur.com/fVNzy5T.jpg,,,,2404,Blue,Humanmade Pool,H,Industrial,"Chemical Runoff, Salts",2,11,7,7,,
https://i.imgur.com/EKqxJeG.jpg,,,,2405,Turquoise,Pond,M,Plains,Oxides,1,5,7,7,,
https://i.imgur.com/leSLwyG.jpg,,,,2406,Turquoise,Pond,M,Rocky,"Sediments, Salts",3,11,5,5,,
https://i.imgur.com/IBK3zNL.jpg,,,,2407,Brown,Pond,M,Plains,"Mud, Sediments, Chemical Runoff",1,13,9,9,,
https://i.imgur.com/zCZlcVH.jpg,,,,2412,Brown,River,H,Industrial,"Construction Waste, Feces, Oil, Chemical Runoff",1,12,9,9,,
https://i.imgur.com/cEu5OSY.jpg,,,,2415,Brown,Pond,M,Urban,"Construction Waste, Chemical Runoff",0,13,10,7,,
https://i.imgur.com/kN5Fc6s.jpg,,,,2421,Brown,Humanmade Pool,H,Industrial,"Construction Waste, Mud",,,,,,
https://i.imgur.com/dZ9PPTy.png,,,,2423,Turquoise,Pond,C,Grassy Mountains,Algae,7,8,4,1,T,
https://i.imgur.com/YHQZqzX.jpg,,,,2425,Turquoise,Pond,M,Grassy Mountains,"Algae, Feces",6,9,5,2,T,
https://i.imgur.com/KBMTmWY.jpg,,,,2426,Green,Pond,C,Cliffs,"Sediments, Algae, Plant Nutrients",3,9,6,7,F,
https://i.imgur.com/OC0zFRu.jpg,,,,2427,Green,Lake,C,Grassy Mountains,"Mud, Algae",6,8,7,4,,
https://i.imgur.com/5BZ8hld.jpg,,,,2428,Blue,River,C,Cliffs,"Sediments, Salts",9,7,2,2,T,
https://i.imgur.com/W238u58.jpg,,,,2429,Blue,River,C,Grassy Mountains,Sediments,8,7,1,1,T,
https://i.imgur.com/qUJuYrl.jpg,,,,2430,Blue,River,M,Urban,"Oil, Feces",0,10,9,9,F,
https://i.imgur.com/kIIzD4R.jpg,,,,2431,Brown,River,M,Urban,"Mud, Feces, Construction Waste",5,11,10,10,F,
https://i.imgur.com/ZYpaguP.png,,,,2432,Brown,River,M,Farmland,"Mud, Feces",1,11,9,9,F,
https://i.imgur.com/Pxq4Xu5.jpg,,,,2435,Green,Lake,C,Farmland,"Algae, Chemical Runoff",2,12,9,3,,
https://i.imgur.com/I6092bN.jpg,,,,2437,Green,Stream,C,Farmland,"Plant Nutrients, Chemical Runoff",6,9,6,6,,
https://i.imgur.com/wwalSXZ.png,,,,2440,Brown,Lake,M,Industrial,"Oil, Chemical Runoff",1,10,8,8,F,
https://i.imgur.com/27vjF0G.jpg,,,,2442,Turquoise,River,M,Cliffs,"Sediments, Oxides",7,5,7,6,,
https://i.imgur.com/1YF2AVE.jpg,,,,2444,Turquoise,River,C,Forest,"Sediments, Algae, Oxides",8,6,2,2,,
https://i.imgur.com/HLcziHq.jpg,,,,2445,Turquoise,Humanmade Pool,M,Industrial,"Chemical Runoff, Oil",1,10,8,4,,
https://i.imgur.com/jD8WggO.png,,,,2448,Green,Lake,C,Urban,"Algae, Feces",4,9,5,3,,
https://i.imgur.com/wXuZbOw.jpg,,,,2449,Green,River,C,Urban,"Algae, Feces",6,9,5,3,,
https://i.imgur.com/XpLd2KB.jpg,,,,2450,Turquoise,River,C,Grassy Mountains,Oxides,7,8,3,3,,
https://i.imgur.com/vRDjkjN.png,,,,2456,Blue,Lake,C,Suburban,None,6,7,1,1,T,
https://i.imgur.com/aZNPp1t.jpg,,,,2460,Green,Stream,C,Suburban,Algae,6,9,6,2,,
https://i.imgur.com/WKOvZJv.jpg,,,,2462,Blue,Stream,C,Moor,"Algae, Plant Nutrients",7,7,2,3,,
https://i.imgur.com/qbv1IkP.jpg,,,,2464,Green,Stream,C,Farmland,"Plant Nutrients, Chemical Runoff",6,9,6,6,,
https://i.imgur.com/C4FAJCN.jpg,,,,2466,Green,Pond,M,Moor,"Algae, Plant Nutrients, Chemical Runoff, Sediments",3,10,7,7,,
https://i.imgur.com/pJSHd28.jpg,,,,2470,Turquoise,Pond,H,Rocky,"Sediments, Oxides",1,10,7,8,F,
https://i.imgur.com/JCw03Z6.png,,,,2471,Turquoise,River,M,Rocky,Sediments,5,9,5,5,,
https://i.imgur.com/l8wTk1a.jpg,,,,2472,Brown,Stream,H,Rocky,Sediments,3,4,8,8,F,
https://i.imgur.com/2ditU6s.jpg,,,,2474,Brown,Pond,H,Rocky,"Sediments, Mud",2,3,9,8,F,
https://i.imgur.com/apEtkBz.jpg,,,,2475,Green,Lake,C,Suburban,"Algae, Grass Runoff",,9,,,,
https://i.imgur.com/8324fdo.png,,,,2482,Green,Pond,M,Industrial,"Algae, Chemical Runoff",,,,,,
https://i.imgur.com/uHr15sy.png,,,,2488,Blue,River,C,Moor,Sediments,,,,,,
https://i.imgur.com/J3ALVTG.png?1,,,,2489,Brown,Stream,M,Farmland,"Mud, Plant Nutrients, Sediments",,,,,,
https://i.imgur.com/YNT2Ejz.png,,,,2490,Brown,River,C,Urban,"Sediments, Construction Waste",,,,,,
https://i.imgur.com/yGcUpbI.jpg,,,,2491,Blue,River,C,Suburban,"Algae, Grass Runoff",,,,,,
https://i.imgur.com/BGOVCGp.jpg?1,,,,2492,Blue,Lake,C,Grassy Mountains,"Grass Runoff, Sediments",,,,,,
https://i.imgur.com/zWMIy6U.png,,,,2493,Blue,Stream,C,Moor,Sediments,,,,,,
https://i.imgur.com/a3y6bjp.png,,,,2496,Turquoise,Stream,M,Rocky,"Sediments, Oxides, Algae",,,,,,
https://i.imgur.com/0rjKQDV.jpg?1,,,,2501,Turquoise,River,C,Urban,"Sediments, Grass Runoff",,,,,,
https://i.imgur.com/gGovqAR.jpg?1,,,,2502,Turquoise,Lake,H,Rocky,"Salts, Sediments, Oxides",,,,,,
https://i.imgur.com/brynSbP.png,,,,2503,Blue,Stream,C,Suburban,"Sediments, Grass Runoff",,,,,,
https://i.imgur.com/46MlA8B.png,,,,7231,Blue,lake,M,Urban ,"Grass runoff, algae ",,,,,,
https://i.imgur.com/XYRThth.png,,,,7232,turquoise  ,lake,M,Dirt ,"sediment, algae ",,,,,,
https://i.imgur.com/2SpFFSy.png,,,,7234,blue,lake,M,Urban,"chemicals, sediment, algae ",,,,,,
https://i.imgur.com/60vHlgf.png,,,,7235, green ,river ,M,Dry Mountains,"mud, sediment, algae",,,,,,
https://i.imgur.com/NqQNoIT.jpg,,,,7236,green,pond,M,Dry Mountains,"mud, sediment, algae",,,,,,
https://i.imgur.com/AoGJ5Ga.png,,,,7237,green,pond,M,Grassy Mountains ,"Grass runoff, algae, sediments ",,,,,,
https://i.imgur.com/x2SszYQ.png,,,,7238,blue ,river ,M,Dry Mountains,"sediment, algae ",,,,,,
https://i.imgur.com/JX9znwz.png,,,,7239,blue ,lake,M,Dirt ,"Sediment, algae ",,,,,,
https://i.imgur.com/tA3LVUM.png,,,,7240,blue ,river ,M,Dry Mountains,"algae, grass runoff",,,,,,
https://i.imgur.com/eE8likt.jpg,,,,7241,blue ,lake ,M,Dry Mountains,"mud, algae, grass runoff",,,,,,
https://i.imgur.com/MzjxkB6.png,,,,7242,blue,lake ,M,Plains,"Sediment, algae ",,,,,,
https://i.imgur.com/GY3No8c.png,,,,7243,Blue ,river ,M ,Grassy Mountains ,"algae, grass runoff",,,,,,
https://i.imgur.com/CYlsGPx.jpg,,,,7244,green ,river ,C,Dirt ,"mud, sediment, algae",,,,,,
https://i.imgur.com/SrTrdIp.png,,,,7245,turquoise  ,ocean,M,Farmland ,"Sediment, algae ",,,,,,
https://i.imgur.com/fDt8pQl.png,,,,7246,green ,lake ,M ,Plains,"algae, grass runoff",,,,,,
https://i.imgur.com/ZWLa0dP.png,,,,7247,blue ,pond,M,Urban ,"Sediment, algae ",,,,,,
https://i.imgur.com/hHQaHnY.png,,,,7248,blue ,lake ,M,Dry Mountains,"mud, sediment, algae",,,,,,
https://i.imgur.com/0w1oerD.jpg,,,,7249,turquoise  ,river ,M ,Plains,"algae, grass runoff",,,,,,
https://i.imgur.com/sGbPbnr.png,,,,7250,green ,lake ,M,Dry Mountains,"sediment, algae ",,,,,,
https://i.imgur.com/MPVxx1e.jpg,,,,7251,turquoise  ,lake ,M,Urban ,"Grass runoff, algae, sediments ",,,,,,
https://i.imgur.com/DlHg0x6.png,,,,7252,green ,river ,M ,Dirt ,"mud, algae, grass runoff",,,,,,
https://i.imgur.com/D51RvyZ.png,,,,7253,blue ,river ,M ,Grassy Mountains ,"algae, grass runoff",,,,,,
https://i.imgur.com/g1htdDH.png,,,,7254,blue ,lake ,M,Grassy Mountains ,"algae, grass runoff",,,,,,
https://i.imgur.com/0WlSwbe.png,,,,7255,turquoise  ,lake,M ,Urban ,Sediment ,,,,,,
https://i.imgur.com/Jo8AUJk.jpg,,,,7256,green ,lake ,M ,Urban ,"sediment, grass runoff ",,,,,,
https://i.imgur.com/4qzufot.png,,,,7257,turquoise  ,river ,M ,Plains ,"Grass runoff, algae ",,,,,,
https://i.imgur.com/jcik8C7.png,,,,7258,green ,lake ,M ,Urban ,"Grass runoff, algae, sediments ",,,,,,
https://i.imgur.com/UeuCS74.png,,,,7259,blue ,lake ,M ,Plains ,"algae, grass runoff",,,,,,
https://i.imgur.com/aHooPzV.jpg,,,,7260,green ,lake ,C ,Urban ,"Grass runoff, algae, sediments ",,,,,,
https://i.imgur.com/hiRAftA.png,,,,7261,blue ,river ,M ,Plains ,Sediment ,,,,,,
https://i.imgur.com/G1vovpY.png,,,,7262,blue ,river ,C,Dry Mountains,"mud, algae, grass runoff",,,,,,
https://i.imgur.com/HpuAjc3.png,,,,7263,green ,river ,M ,Grassy Mountains ,"algae, grass runoff",,,,,,
https://i.imgur.com/FWmi3TX.png,,,,7265,blue ,lake ,M,Dry Mountains,"sediment, grass runoff ",,,,,,
https://i.imgur.com/oy3Arbv.png,,,,7266,blue ,river ,H,Dry Mountains,"mud, sediment, algae",,,,,,
https://i.imgur.com/iHQSmG3.png,,,,7267,green ,lake ,M,Grassy Mountains ,"Grass runoff, algae, sediments ",,,,,,
https://i.imgur.com/4RL2sm8.png,,,,7268,blue ,river ,M ,Plains ,"algae, grass runoff",,,,,,
https://i.imgur.com/nEKyjk0.jpg,,,,7270,blue ,lake ,M ,Plains ,"Grass runoff, algae, sediments ",,,,,,
https://i.imgur.com/UPLi0kx.png,,,,7271,blue ,lake ,C,Dry Mountains,"mud, sediment, algae",,,,,,
https://i.imgur.com/htiuHmd.png,,,,7272,turquoise  ,lake ,M,Dry Mountains,"sediment, grass runoff ",,,,,,
https://i.imgur.com/1uKdK8b.png,,,,7273,green ,lake ,M,Dirt ,"mud, sediment ",,,,,,
https://i.imgur.com/MuoIWFi.png,,,,7274,green ,lake ,M ,Grassy Mountains ,"sediment, grass runoff ",,,,,,
https://i.imgur.com/mzZuFRO.png,,,,7275,turquoise  ,lake ,M ,Grassy Mountains ,"grass runoff, algae ",,,,,,
https://i.imgur.com/PCoHgGk.png,,,,7276,blue ,lake ,M ,Urban ,"algae, grass runoff",,,,,,
https://i.imgur.com/aGrFnrC.png,,,,7277,turquoise  ,river ,M,Plains,"sediment, mud ",,,,,,
https://i.imgur.com/aGrFnrC.png,,,,7278,turquoise  ,lake ,M ,Dirt ,sediment ,,,,,,
https://i.imgur.com/zE8t4OF.png,,,,7279,green ,river ,M,Dry Mountains,"sediment, grass runoff ",,,,,,
https://i.imgur.com/evlAbJc.png,,,,728,green ,lake ,M ,Dry Mountains,"mud, sediment, algae",,,,,,
https://i.imgur.com/hvbeMfV.png,,,,7281,blue,lake ,C,Plains ,"Sediment, algae ",,,,,,
https://i.imgur.com/0pB8i7Q.png,,,,7282,blue,lake ,M ,Dirt ,"sediment, algae, mud ",,,,,,
https://i.imgur.com/pXYbZfj.png,,,,7283,blue,lake ,M ,Plains ,"sediment, grass runoff ",,,,,,
https://i.imgur.com/ylS0ShM.png,,,,7284,green ,river ,M ,Dry Mountains,"algae, sediment ",,,,,,
https://i.imgur.com/TMqqThx.jpg,,,,7285,green ,river ,C,Dry Mountains,"Sediment, mud ",,,,,,
https://i.imgur.com/yNEnu9a.png,,,,7286,blue ,lake ,M ,Plains ,"Sediment, algae, mud ",,,,,,
https://i.imgur.com/EVrWq7S.png,,,,7287,turquoise  ,lake ,M ,Dry Mountains,Sediment ,,,,,,
https://i.imgur.com/wC9Dcw8.png,,,,7288,green ,lake ,M ,Dry Mountains,"sediment, algae ",,,,,,
https://i.imgur.com/LSmrkNY.png,,,,7289,blue ,lake ,M ,Grassy Mountains ,"Grass runoff, algae ",,,,,,
https://i.imgur.com/LSmrkNY.png,,,,7290,brown ,river ,M ,Dirt ,"Mud, sediment ",,,,,,